{"cameraMode":{"drawMode":0,"name":"Shaded","section":"Shading Mode"},"sceneLighting":true,"audioPlay":false,"sceneViewState":{"showFog":true,"showMaterialUpdate":false,"showSkybox":true,"showFlares":true,"showImageEffects":true,"showParticleSystems":true},"in2DMode":false,"pivot":{"x":-52.978797912597659,"y":131.4047393798828,"z":-20.212383270263673},"rotation":{"x":0.18875934183597566,"y":-0.0014728695387020708,"z":0.0002827728749252856,"w":0.9820262789726257},"size":396.1299133300781,"orthographic":false}