{"cameraMode":{"drawMode":0,"name":"Shaded","section":"Shading Mode"},"sceneLighting":true,"audioPlay":false,"sceneViewState":{"showFog":true,"showMaterialUpdate":false,"showSkybox":true,"showFlares":true,"showImageEffects":true,"showParticleSystems":true},"in2DMode":false,"pivot":{"x":451.9189453125,"y":-438.05133056640627,"z":876.8239135742188},"rotation":{"x":0.12419196963310242,"y":0.32824987173080447,"z":-0.04358329996466637,"w":0.9353811144828796},"size":2017.7950439453125,"orthographic":false}