{"cameraMode":{"drawMode":0,"name":"Shaded","section":"Shading Mode"},"sceneLighting":true,"audioPlay":false,"sceneViewState":{"showFog":true,"showMaterialUpdate":true,"showSkybox":true,"showFlares":true,"showImageEffects":true,"showParticleSystems":true},"in2DMode":false,"pivot":{"x":-334.4879455566406,"y":300.41156005859377,"z":-195.1934356689453},"rotation":{"x":-0.17038646340370179,"y":-0.4226343631744385,"z":0.08126258105039597,"w":-0.8864364624023438},"size":183.47817993164063,"orthographic":false}