{"cameraMode":{"drawMode":0,"name":"Shaded","section":"Shading Mode"},"sceneLighting":true,"audioPlay":false,"sceneViewState":{"showFog":false,"showMaterialUpdate":false,"showSkybox":false,"showFlares":false,"showImageEffects":false,"showParticleSystems":false},"in2DMode":false,"pivot":{"x":28.367048263549806,"y":102.04151916503906,"z":-18.487932205200197},"rotation":{"x":-0.1657620519399643,"y":0.05676677078008652,"z":-0.009558094665408135,"w":-0.9844855070114136},"size":1060.216796875,"orthographic":false}